departure_time,trip_id,route_id,service_id,trip_headsign,route_long_name
07:00,727404_15428_20251002,154_154120_1_20251002,4,八代産交,４：松橋駅→宮原～八代駅→八代産交
07:00,727405_17818_20251002,154_154120_1_20251002,5,八代産交,４：松橋駅→宮原～八代駅→八代産交
07:00,727403_13039_20251002,154_154120_1_20251002,3,八代産交,４：松橋駅→宮原～八代駅→八代産交
07:00,727401_8271_20251002,154_154120_1_20251002,1,八代産交,４：松橋駅→宮原～八代駅→八代産交
07:00,727402_10661_20251002,154_154120_1_20251002,2,八代産交,４：松橋駅→宮原～八代駅→八代産交
07:15,727402_9744_20251002,52_52161_1_20251002,2,宇土駅前,松橋駅→宇土本町二丁目～西城の浦→宇土駅前
07:15,727403_12134_20251002,52_52161_1_20251002,3,宇土駅前,松橋駅→宇土本町二丁目～西城の浦→宇土駅前
07:15,727404_14512_20251002,52_52161_1_20251002,4,宇土駅前,松橋駅→宇土本町二丁目～西城の浦→宇土駅前
07:15,727405_16901_20251002,52_52161_1_20251002,5,宇土駅前,松橋駅→宇土本町二丁目～西城の浦→宇土駅前
07:15,727401_7355_20251002,52_52161_1_20251002,1,宇土駅前,松橋駅→宇土本町二丁目～西城の浦→宇土駅前
07:17,727406_3797_20251002,100_100131_1_20251002,6,宇土本町二丁目,砥用中央→堅志田～山崎橋→宇土本町二丁目
07:18,727401_7821_20251002,100_100131_1_20251002,1,宇土本町二丁目,砥用中央→堅志田～山崎橋→宇土本町二丁目
07:18,727402_10208_20251002,100_100131_1_20251002,2,宇土本町二丁目,砥用中央→堅志田～山崎橋→宇土本町二丁目
07:18,727403_12598_20251002,100_100131_1_20251002,3,宇土本町二丁目,砥用中央→堅志田～山崎橋→宇土本町二丁目
07:18,727404_14978_20251002,100_100131_1_20251002,4,宇土本町二丁目,砥用中央→堅志田～山崎橋→宇土本町二丁目
07:18,727405_17365_20251002,100_100131_1_20251002,5,宇土本町二丁目,砥用中央→堅志田～山崎橋→宇土本町二丁目
07:27,727403_12599_20251002,100_100140_1_20251002,3,砥用中央,松橋駅→堅志田～佐俣の湯→砥用中央
07:27,727404_14979_20251002,100_100140_1_20251002,4,砥用中央,松橋駅→堅志田～佐俣の湯→砥用中央
07:27,727406_3796_20251002,100_100130_1_20251002,6,砥用中央,宇土本町二丁目→山崎橋～堅志田→砥用中央
07:27,727402_10209_20251002,100_100140_1_20251002,2,砥用中央,松橋駅→堅志田～佐俣の湯→砥用中央
07:27,727401_7822_20251002,100_100140_1_20251002,1,砥用中央,松橋駅→堅志田～佐俣の湯→砥用中央
07:27,727405_17366_20251002,100_100140_1_20251002,5,砥用中央,松橋駅→堅志田～佐俣の湯→砥用中央
07:27,727407_5569_20251002,100_100140_1_20251002,7,砥用中央,松橋駅→堅志田～佐俣の湯→砥用中央
07:35,727405_16902_20251002,52_52161_1_20251002,5,宇土駅前,松橋駅→宇土本町二丁目～西城の浦→宇土駅前
07:35,727404_14513_20251002,52_52161_1_20251002,4,宇土駅前,松橋駅→宇土本町二丁目～西城の浦→宇土駅前
07:35,727403_12135_20251002,52_52161_1_20251002,3,宇土駅前,松橋駅→宇土本町二丁目～西城の浦→宇土駅前
07:35,727401_7356_20251002,52_52161_1_20251002,1,宇土駅前,松橋駅→宇土本町二丁目～西城の浦→宇土駅前
07:35,727402_9745_20251002,52_52161_1_20251002,2,宇土駅前,松橋駅→宇土本町二丁目～西城の浦→宇土駅前
07:55,727405_17799_20251002,154_154110_1_20251002,5,八代市役所前,５：松橋駅→鏡四つ角～大村→八代市役所
07:55,727404_15409_20251002,154_154110_1_20251002,4,八代市役所前,５：松橋駅→鏡四つ角～大村→八代市役所
07:55,727403_13020_20251002,154_154110_1_20251002,3,八代市役所前,５：松橋駅→鏡四つ角～大村→八代市役所
07:55,727401_8252_20251002,154_154110_1_20251002,1,八代市役所前,５：松橋駅→鏡四つ角～大村→八代市役所
07:55,727402_10642_20251002,154_154110_1_20251002,2,八代市役所前,５：松橋駅→鏡四つ角～大村→八代市役所
08:10,727401_8272_20251002,154_154120_1_20251002,1,八代産交,４：松橋駅→宮原～八代駅→八代産交
08:10,727403_13040_20251002,154_154120_1_20251002,3,八代産交,４：松橋駅→宮原～八代駅→八代産交
08:10,727406_4144_20251002,154_154120_1_20251002,6,八代産交,４：松橋駅→宮原～八代駅→八代産交
08:10,727404_15429_20251002,154_154120_1_20251002,4,八代産交,４：松橋駅→宮原～八代駅→八代産交
08:10,727407_5903_20251002,154_154120_1_20251002,7,八代産交,４：松橋駅→宮原～八代駅→八代産交
08:10,727402_10662_20251002,154_154120_1_20251002,2,八代産交,４：松橋駅→宮原～八代駅→八代産交
08:10,727405_17819_20251002,154_154120_1_20251002,5,八代産交,４：松橋駅→宮原～八代駅→八代産交
08:20,727302_9718_20251002,50_50120_1_20251002,2,三角産交,松橋駅→大口～三角病院→三角産交
08:20,727304_14486_20251002,50_50120_1_20251002,4,三角産交,松橋駅→大口～三角病院→三角産交
08:20,727301_7329_20251002,50_50120_1_20251002,1,三角産交,松橋駅→大口～三角病院→三角産交
08:20,727305_16875_20251002,50_50120_1_20251002,5,三角産交,松橋駅→大口～三角病院→三角産交
08:20,727303_12108_20251002,50_50120_1_20251002,3,三角産交,松橋駅→大口～三角病院→三角産交
08:25,1_1253_20251001,15_17022_1_20251001,8,桜町バスターミナル,M6-3：松橋駅→城南→イオン→田迎→桜町バスターミナル
08:25,11_74_20251001,15_17022_1_20251001,5,桜町バスターミナル,M6-3：松橋駅→城南→イオン→田迎→桜町バスターミナル
08:30,727402_10643_20251002,154_154110_1_20251002,2,八代市役所前,５：松橋駅→鏡四つ角～大村→八代市役所
08:30,727407_5891_20251002,154_154110_1_20251002,7,八代市役所前,５：松橋駅→鏡四つ角～大村→八代市役所
08:30,727401_8253_20251002,154_154110_1_20251002,1,八代市役所前,５：松橋駅→鏡四つ角～大村→八代市役所
08:30,727406_4132_20251002,154_154110_1_20251002,6,八代市役所前,５：松橋駅→鏡四つ角～大村→八代市役所
08:30,727404_15410_20251002,154_154110_1_20251002,4,八代市役所前,５：松橋駅→鏡四つ角～大村→八代市役所
08:30,727403_13021_20251002,154_154110_1_20251002,3,八代市役所前,５：松橋駅→鏡四つ角～大村→八代市役所
08:30,727405_17800_20251002,154_154110_1_20251002,5,八代市役所前,５：松橋駅→鏡四つ角～大村→八代市役所
08:47,727401_7823_20251002,100_100140_1_20251002,1,砥用中央,松橋駅→堅志田～佐俣の湯→砥用中央
08:47,727407_5570_20251002,100_100140_1_20251002,7,砥用中央,松橋駅→堅志田～佐俣の湯→砥用中央
08:47,727403_12600_20251002,100_100140_1_20251002,3,砥用中央,松橋駅→堅志田～佐俣の湯→砥用中央
08:47,727405_17367_20251002,100_100140_1_20251002,5,砥用中央,松橋駅→堅志田～佐俣の湯→砥用中央
08:47,727404_14980_20251002,100_100140_1_20251002,4,砥用中央,松橋駅→堅志田～佐俣の湯→砥用中央
08:47,727402_10210_20251002,100_100140_1_20251002,2,砥用中央,松橋駅→堅志田～佐俣の湯→砥用中央
08:55,727404_15430_20251002,154_154120_1_20251002,4,八代産交,４：松橋駅→宮原～八代駅→八代産交
08:55,727405_17820_20251002,154_154120_1_20251002,5,八代産交,４：松橋駅→宮原～八代駅→八代産交
08:55,727402_10663_20251002,154_154120_1_20251002,2,八代産交,４：松橋駅→宮原～八代駅→八代産交
08:55,727401_8273_20251002,154_154120_1_20251002,1,八代産交,４：松橋駅→宮原～八代駅→八代産交
08:55,727403_13041_20251002,154_154120_1_20251002,3,八代産交,４：松橋駅→宮原～八代駅→八代産交
09:00,727404_15411_20251002,154_154110_1_20251002,4,八代市役所前,５：松橋駅→鏡四つ角～大村→八代市役所
09:00,727402_10644_20251002,154_154110_1_20251002,2,八代市役所前,５：松橋駅→鏡四つ角～大村→八代市役所
09:00,727401_8254_20251002,154_154110_1_20251002,1,八代市役所前,５：松橋駅→鏡四つ角～大村→八代市役所
09:00,727403_13022_20251002,154_154110_1_20251002,3,八代市役所前,５：松橋駅→鏡四つ角～大村→八代市役所
09:00,727405_17801_20251002,154_154110_1_20251002,5,八代市役所前,５：松橋駅→鏡四つ角～大村→八代市役所
09:00,727406_3798_20251002,100_100140_1_20251002,6,砥用中央,松橋駅→堅志田～佐俣の湯→砥用中央
09:20,727306_3441_20251002,50_50120_1_20251002,6,三角産交,松橋駅→大口～三角病院→三角産交
09:20,727301_7330_20251002,50_50120_1_20251002,1,三角産交,松橋駅→大口～三角病院→三角産交
09:20,727302_9719_20251002,50_50120_1_20251002,2,三角産交,松橋駅→大口～三角病院→三角産交
09:20,727303_12109_20251002,50_50120_1_20251002,3,三角産交,松橋駅→大口～三角病院→三角産交
09:20,727304_14487_20251002,50_50120_1_20251002,4,三角産交,松橋駅→大口～三角病院→三角産交
09:20,727305_16876_20251002,50_50120_1_20251002,5,三角産交,松橋駅→大口～三角病院→三角産交
09:40,727406_4145_20251002,154_154120_1_20251002,6,八代産交,４：松橋駅→宮原～八代駅→八代産交
09:40,727407_5904_20251002,154_154120_1_20251002,7,八代産交,４：松橋駅→宮原～八代駅→八代産交
09:40,727401_8274_20251002,154_154120_1_20251002,1,八代産交,４：松橋駅→宮原～八代駅→八代産交
09:40,727402_10664_20251002,154_154120_1_20251002,2,八代産交,４：松橋駅→宮原～八代駅→八代産交
09:40,727404_15431_20251002,154_154120_1_20251002,4,八代産交,４：松橋駅→宮原～八代駅→八代産交
09:40,727405_17821_20251002,154_154120_1_20251002,5,八代産交,４：松橋駅→宮原～八代駅→八代産交
09:40,727403_13042_20251002,154_154120_1_20251002,3,八代産交,４：松橋駅→宮原～八代駅→八代産交
09:42,727401_7824_20251002,100_100140_1_20251002,1,砥用中央,松橋駅→堅志田～佐俣の湯→砥用中央
09:42,727405_17368_20251002,100_100140_1_20251002,5,砥用中央,松橋駅→堅志田～佐俣の湯→砥用中央
09:42,727404_14981_20251002,100_100140_1_20251002,4,砥用中央,松橋駅→堅志田～佐俣の湯→砥用中央
09:42,727402_10211_20251002,100_100140_1_20251002,2,砥用中央,松橋駅→堅志田～佐俣の湯→砥用中央
09:42,727403_12601_20251002,100_100140_1_20251002,3,砥用中央,松橋駅→堅志田～佐俣の湯→砥用中央
10:05,727407_5892_20251002,154_154110_1_20251002,7,八代市役所前,５：松橋駅→鏡四つ角～大村→八代市役所
10:05,727403_13023_20251002,154_154110_1_20251002,3,八代市役所前,５：松橋駅→鏡四つ角～大村→八代市役所
10:05,727404_15412_20251002,154_154110_1_20251002,4,八代市役所前,５：松橋駅→鏡四つ角～大村→八代市役所
10:05,727401_8255_20251002,154_154110_1_20251002,1,八代市役所前,５：松橋駅→鏡四つ角～大村→八代市役所
10:05,727405_17802_20251002,154_154110_1_20251002,5,八代市役所前,５：松橋駅→鏡四つ角～大村→八代市役所
10:05,727402_10645_20251002,154_154110_1_20251002,2,八代市役所前,５：松橋駅→鏡四つ角～大村→八代市役所
10:05,727406_4133_20251002,154_154110_1_20251002,6,八代市役所前,５：松橋駅→鏡四つ角～大村→八代市役所
10:10,727406_3799_20251002,100_100140_1_20251002,6,砥用中央,松橋駅→堅志田～佐俣の湯→砥用中央
10:35,727405_17822_20251002,154_154120_1_20251002,5,八代産交,４：松橋駅→宮原～八代駅→八代産交
10:35,727407_5905_20251002,154_154120_1_20251002,7,八代産交,４：松橋駅→宮原～八代駅→八代産交
10:35,727401_8275_20251002,154_154120_1_20251002,1,八代産交,４：松橋駅→宮原～八代駅→八代産交
10:35,727402_10665_20251002,154_154120_1_20251002,2,八代産交,４：松橋駅→宮原～八代駅→八代産交
10:35,727403_13043_20251002,154_154120_1_20251002,3,八代産交,４：松橋駅→宮原～八代駅→八代産交
10:35,727404_15432_20251002,154_154120_1_20251002,4,八代産交,４：松橋駅→宮原～八代駅→八代産交
10:35,727406_4146_20251002,154_154120_1_20251002,6,八代産交,４：松橋駅→宮原～八代駅→八代産交
11:00,727302_9720_20251002,50_50120_1_20251002,2,三角産交,松橋駅→大口～三角病院→三角産交
11:00,727301_7331_20251002,50_50120_1_20251002,1,三角産交,松橋駅→大口～三角病院→三角産交
11:00,727304_14488_20251002,50_50120_1_20251002,4,三角産交,松橋駅→大口～三角病院→三角産交
11:00,727303_12110_20251002,50_50120_1_20251002,3,三角産交,松橋駅→大口～三角病院→三角産交
11:00,727306_3442_20251002,50_50120_1_20251002,6,三角産交,松橋駅→大口～三角病院→三角産交
11:00,727305_16877_20251002,50_50120_1_20251002,5,三角産交,松橋駅→大口～三角病院→三角産交
11:02,727403_12602_20251002,100_100140_1_20251002,3,砥用中央,松橋駅→堅志田～佐俣の湯→砥用中央
11:02,727407_5571_20251002,100_100140_1_20251002,7,砥用中央,松橋駅→堅志田～佐俣の湯→砥用中央
11:02,727406_3800_20251002,100_100140_1_20251002,6,砥用中央,松橋駅→堅志田～佐俣の湯→砥用中央
11:02,727404_14982_20251002,100_100140_1_20251002,4,砥用中央,松橋駅→堅志田～佐俣の湯→砥用中央
11:02,727405_17369_20251002,100_100140_1_20251002,5,砥用中央,松橋駅→堅志田～佐俣の湯→砥用中央
11:02,727402_10212_20251002,100_100140_1_20251002,2,砥用中央,松橋駅→堅志田～佐俣の湯→砥用中央
11:02,727401_7825_20251002,100_100140_1_20251002,1,砥用中央,松橋駅→堅志田～佐俣の湯→砥用中央
11:10,727403_13024_20251002,154_154110_1_20251002,3,八代市役所前,５：松橋駅→鏡四つ角～大村→八代市役所
11:10,727405_17803_20251002,154_154110_1_20251002,5,八代市役所前,５：松橋駅→鏡四つ角～大村→八代市役所
11:10,727404_15413_20251002,154_154110_1_20251002,4,八代市役所前,５：松橋駅→鏡四つ角～大村→八代市役所
11:10,727402_10646_20251002,154_154110_1_20251002,2,八代市役所前,５：松橋駅→鏡四つ角～大村→八代市役所
11:10,727401_8256_20251002,154_154110_1_20251002,1,八代市役所前,５：松橋駅→鏡四つ角～大村→八代市役所
11:15,727405_17823_20251002,154_154120_1_20251002,5,八代産交,４：松橋駅→宮原～八代駅→八代産交
11:15,727403_13044_20251002,154_154120_1_20251002,3,八代産交,４：松橋駅→宮原～八代駅→八代産交
11:15,727404_15433_20251002,154_154120_1_20251002,4,八代産交,４：松橋駅→宮原～八代駅→八代産交
11:15,727402_10666_20251002,154_154120_1_20251002,2,八代産交,４：松橋駅→宮原～八代駅→八代産交
11:15,727401_8276_20251002,154_154120_1_20251002,1,八代産交,４：松橋駅→宮原～八代駅→八代産交
11:35,727406_4134_20251002,154_154110_1_20251002,6,八代市役所前,５：松橋駅→鏡四つ角～大村→八代市役所
11:35,727407_5893_20251002,154_154110_1_20251002,7,八代市役所前,５：松橋駅→鏡四つ角～大村→八代市役所
12:05,727407_5906_20251002,154_154120_1_20251002,7,八代産交,４：松橋駅→宮原～八代駅→八代産交
12:05,727406_4147_20251002,154_154120_1_20251002,6,八代産交,４：松橋駅→宮原～八代駅→八代産交
12:10,727401_8277_20251002,154_154120_1_20251002,1,八代産交,４：松橋駅→宮原～八代駅→八代産交
12:10,727407_5572_20251002,100_100140_1_20251002,7,砥用中央,松橋駅→堅志田～佐俣の湯→砥用中央
12:10,727404_15434_20251002,154_154120_1_20251002,4,八代産交,４：松橋駅→宮原～八代駅→八代産交
12:10,727405_17824_20251002,154_154120_1_20251002,5,八代産交,４：松橋駅→宮原～八代駅→八代産交
12:10,727403_13045_20251002,154_154120_1_20251002,3,八代産交,４：松橋駅→宮原～八代駅→八代産交
12:10,727402_10667_20251002,154_154120_1_20251002,2,八代産交,４：松橋駅→宮原～八代駅→八代産交
12:47,727404_14983_20251002,100_100140_1_20251002,4,砥用中央,松橋駅→堅志田～佐俣の湯→砥用中央
12:47,727403_12603_20251002,100_100140_1_20251002,3,砥用中央,松橋駅→堅志田～佐俣の湯→砥用中央
12:47,727405_17370_20251002,100_100140_1_20251002,5,砥用中央,松橋駅→堅志田～佐俣の湯→砥用中央
12:47,727402_10213_20251002,100_100140_1_20251002,2,砥用中央,松橋駅→堅志田～佐俣の湯→砥用中央
12:47,727401_7826_20251002,100_100140_1_20251002,1,砥用中央,松橋駅→堅志田～佐俣の湯→砥用中央
13:00,727406_4135_20251002,154_154110_1_20251002,6,八代市役所前,５：松橋駅→鏡四つ角～大村→八代市役所
13:00,727401_8278_20251002,154_154120_1_20251002,1,八代産交,４：松橋駅→宮原～八代駅→八代産交
13:00,727403_13046_20251002,154_154120_1_20251002,3,八代産交,４：松橋駅→宮原～八代駅→八代産交
13:00,727302_9721_20251002,50_50120_1_20251002,2,三角産交,松橋駅→大口～三角病院→三角産交
13:00,727407_5573_20251002,100_100140_1_20251002,7,砥用中央,松橋駅→堅志田～佐俣の湯→砥用中央
13:00,727304_14489_20251002,50_50120_1_20251002,4,三角産交,松橋駅→大口～三角病院→三角産交
13:00,727404_15435_20251002,154_154120_1_20251002,4,八代産交,４：松橋駅→宮原～八代駅→八代産交
13:00,727303_12111_20251002,50_50120_1_20251002,3,三角産交,松橋駅→大口～三角病院→三角産交
13:00,727405_17825_20251002,154_154120_1_20251002,5,八代産交,４：松橋駅→宮原～八代駅→八代産交
13:00,727407_5894_20251002,154_154110_1_20251002,7,八代市役所前,５：松橋駅→鏡四つ角～大村→八代市役所
13:00,727301_7332_20251002,50_50120_1_20251002,1,三角産交,松橋駅→大口～三角病院→三角産交
13:00,727402_10668_20251002,154_154120_1_20251002,2,八代産交,４：松橋駅→宮原～八代駅→八代産交
13:00,727305_16878_20251002,50_50120_1_20251002,5,三角産交,松橋駅→大口～三角病院→三角産交
13:00,727306_3443_20251002,50_50120_1_20251002,6,三角産交,松橋駅→大口～三角病院→三角産交
13:10,727406_3801_20251002,100_100140_1_20251002,6,砥用中央,松橋駅→堅志田～佐俣の湯→砥用中央
13:20,727407_5907_20251002,154_154120_1_20251002,7,八代産交,４：松橋駅→宮原～八代駅→八代産交
13:20,727406_4148_20251002,154_154120_1_20251002,6,八代産交,４：松橋駅→宮原～八代駅→八代産交
13:40,727405_17804_20251002,154_154110_1_20251002,5,八代市役所前,５：松橋駅→鏡四つ角～大村→八代市役所
13:40,727404_15414_20251002,154_154110_1_20251002,4,八代市役所前,５：松橋駅→鏡四つ角～大村→八代市役所
13:40,727402_10647_20251002,154_154110_1_20251002,2,八代市役所前,５：松橋駅→鏡四つ角～大村→八代市役所
13:40,727401_8257_20251002,154_154110_1_20251002,1,八代市役所前,５：松橋駅→鏡四つ角～大村→八代市役所
13:40,727403_13025_20251002,154_154110_1_20251002,3,八代市役所前,５：松橋駅→鏡四つ角～大村→八代市役所
13:50,727406_3802_20251002,100_100140_1_20251002,6,砥用中央,松橋駅→堅志田～佐俣の湯→砥用中央
13:52,727403_12604_20251002,100_100140_1_20251002,3,砥用中央,松橋駅→堅志田～佐俣の湯→砥用中央
13:52,727404_14984_20251002,100_100140_1_20251002,4,砥用中央,松橋駅→堅志田～佐俣の湯→砥用中央
13:52,727402_10214_20251002,100_100140_1_20251002,2,砥用中央,松橋駅→堅志田～佐俣の湯→砥用中央
13:52,727405_17371_20251002,100_100140_1_20251002,5,砥用中央,松橋駅→堅志田～佐俣の湯→砥用中央
13:52,727401_7827_20251002,100_100140_1_20251002,1,砥用中央,松橋駅→堅志田～佐俣の湯→砥用中央
14:10,727405_17826_20251002,154_154120_1_20251002,5,八代産交,４：松橋駅→宮原～八代駅→八代産交
14:10,727404_15436_20251002,154_154120_1_20251002,4,八代産交,４：松橋駅→宮原～八代駅→八代産交
14:10,727401_8279_20251002,154_154120_1_20251002,1,八代産交,４：松橋駅→宮原～八代駅→八代産交
14:10,727403_13047_20251002,154_154120_1_20251002,3,八代産交,４：松橋駅→宮原～八代駅→八代産交
14:10,727402_10669_20251002,154_154120_1_20251002,2,八代産交,４：松橋駅→宮原～八代駅→八代産交
14:30,727406_4149_20251002,154_154120_1_20251002,6,八代産交,４：松橋駅→宮原～八代駅→八代産交
14:30,727407_5574_20251002,100_100140_1_20251002,7,砥用中央,松橋駅→堅志田～佐俣の湯→砥用中央
14:30,727407_5908_20251002,154_154120_1_20251002,7,八代産交,４：松橋駅→宮原～八代駅→八代産交
15:00,727407_5895_20251002,154_154110_1_20251002,7,八代市役所前,５：松橋駅→鏡四つ角～大村→八代市役所
15:00,727406_4136_20251002,154_154110_1_20251002,6,八代市役所前,５：松橋駅→鏡四つ角～大村→八代市役所
15:06,727405_17372_20251002,100_100140_1_20251002,5,砥用中央,松橋駅→堅志田～佐俣の湯→砥用中央
15:06,727404_14985_20251002,100_100140_1_20251002,4,砥用中央,松橋駅→堅志田～佐俣の湯→砥用中央
15:06,727403_12605_20251002,100_100140_1_20251002,3,砥用中央,松橋駅→堅志田～佐俣の湯→砥用中央
15:06,727402_10215_20251002,100_100140_1_20251002,2,砥用中央,松橋駅→堅志田～佐俣の湯→砥用中央
15:06,727401_7828_20251002,100_100140_1_20251002,1,砥用中央,松橋駅→堅志田～佐俣の湯→砥用中央
15:10,1_1254_20251001,15_17022_1_20251001,8,桜町バスターミナル,M6-3：松橋駅→城南→イオン→田迎→桜町バスターミナル
15:10,727407_5575_20251002,100_100140_1_20251002,7,砥用中央,松橋駅→堅志田～佐俣の湯→砥用中央
15:10,11_75_20251001,15_17022_1_20251001,5,桜町バスターミナル,M6-3：松橋駅→城南→イオン→田迎→桜町バスターミナル
15:20,727402_10648_20251002,154_154110_1_20251002,2,八代市役所前,５：松橋駅→鏡四つ角～大村→八代市役所
15:20,727401_8258_20251002,154_154110_1_20251002,1,八代市役所前,５：松橋駅→鏡四つ角～大村→八代市役所
15:20,727404_15415_20251002,154_154110_1_20251002,4,八代市役所前,５：松橋駅→鏡四つ角～大村→八代市役所
15:20,727405_17805_20251002,154_154110_1_20251002,5,八代市役所前,５：松橋駅→鏡四つ角～大村→八代市役所
15:20,727403_13026_20251002,154_154110_1_20251002,3,八代市役所前,５：松橋駅→鏡四つ角～大村→八代市役所
15:30,727406_3803_20251002,100_100140_1_20251002,6,砥用中央,松橋駅→堅志田～佐俣の湯→砥用中央
15:30,727407_5909_20251002,154_154120_1_20251002,7,八代産交,４：松橋駅→宮原～八代駅→八代産交
15:30,727406_4150_20251002,154_154120_1_20251002,6,八代産交,４：松橋駅→宮原～八代駅→八代産交
16:00,727401_7829_20251002,100_100140_1_20251002,1,砥用中央,松橋駅→堅志田～佐俣の湯→砥用中央
16:00,727402_10216_20251002,100_100140_1_20251002,2,砥用中央,松橋駅→堅志田～佐俣の湯→砥用中央
16:00,727403_12606_20251002,100_100140_1_20251002,3,砥用中央,松橋駅→堅志田～佐俣の湯→砥用中央
16:00,727404_14986_20251002,100_100140_1_20251002,4,砥用中央,松橋駅→堅志田～佐俣の湯→砥用中央
16:00,727405_17373_20251002,100_100140_1_20251002,5,砥用中央,松橋駅→堅志田～佐俣の湯→砥用中央
16:10,727403_13048_20251002,154_154120_1_20251002,3,八代産交,４：松橋駅→宮原～八代駅→八代産交
16:10,727404_15437_20251002,154_154120_1_20251002,4,八代産交,４：松橋駅→宮原～八代駅→八代産交
16:10,727401_8280_20251002,154_154120_1_20251002,1,八代産交,４：松橋駅→宮原～八代駅→八代産交
16:10,727402_10670_20251002,154_154120_1_20251002,2,八代産交,４：松橋駅→宮原～八代駅→八代産交
16:10,727405_17827_20251002,154_154120_1_20251002,5,八代産交,４：松橋駅→宮原～八代駅→八代産交
16:30,727304_14490_20251002,50_50120_1_20251002,4,三角産交,松橋駅→大口～三角病院→三角産交
16:30,727305_16879_20251002,50_50120_1_20251002,5,三角産交,松橋駅→大口～三角病院→三角産交
16:30,727302_9722_20251002,50_50120_1_20251002,2,三角産交,松橋駅→大口～三角病院→三角産交
16:30,727303_12112_20251002,50_50120_1_20251002,3,三角産交,松橋駅→大口～三角病院→三角産交
16:30,727301_7333_20251002,50_50120_1_20251002,1,三角産交,松橋駅→大口～三角病院→三角産交
16:40,727406_3804_20251002,100_100140_1_20251002,6,砥用中央,松橋駅→堅志田～佐俣の湯→砥用中央
16:45,727404_15416_20251002,154_154110_1_20251002,4,八代市役所前,５：松橋駅→鏡四つ角～大村→八代市役所
16:45,727405_17806_20251002,154_154110_1_20251002,5,八代市役所前,５：松橋駅→鏡四つ角～大村→八代市役所
16:45,11_76_20251001,15_17022_1_20251001,5,桜町バスターミナル,M6-3：松橋駅→城南→イオン→田迎→桜町バスターミナル
16:45,727403_13027_20251002,154_154110_1_20251002,3,八代市役所前,５：松橋駅→鏡四つ角～大村→八代市役所
16:45,727406_4151_20251002,154_154120_1_20251002,6,八代産交,４：松橋駅→宮原～八代駅→八代産交
16:45,1_1255_20251001,15_17022_1_20251001,8,桜町バスターミナル,M6-3：松橋駅→城南→イオン→田迎→桜町バスターミナル
16:45,727402_10649_20251002,154_154110_1_20251002,2,八代市役所前,５：松橋駅→鏡四つ角～大村→八代市役所
16:45,727407_5910_20251002,154_154120_1_20251002,7,八代産交,４：松橋駅→宮原～八代駅→八代産交
16:45,727401_8259_20251002,154_154110_1_20251002,1,八代市役所前,５：松橋駅→鏡四つ角～大村→八代市役所
17:00,727306_3444_20251002,50_50120_1_20251002,6,三角産交,松橋駅→大口～三角病院→三角産交
17:10,727406_4137_20251002,154_154110_1_20251002,6,八代市役所前,５：松橋駅→鏡四つ角～大村→八代市役所
17:10,727407_5896_20251002,154_154110_1_20251002,7,八代市役所前,５：松橋駅→鏡四つ角～大村→八代市役所
17:15,2_573_20251001,15_17022_1_20251001,6,桜町バスターミナル,M6-3：松橋駅→城南→イオン→田迎→桜町バスターミナル
17:30,727406_3805_20251002,100_100140_1_20251002,6,砥用中央,松橋駅→堅志田～佐俣の湯→砥用中央
17:35,727407_5911_20251002,154_154120_1_20251002,7,八代産交,４：松橋駅→宮原～八代駅→八代産交
17:35,727401_8281_20251002,154_154120_1_20251002,1,八代産交,４：松橋駅→宮原～八代駅→八代産交
17:35,727406_4152_20251002,154_154120_1_20251002,6,八代産交,４：松橋駅→宮原～八代駅→八代産交
17:35,727404_15438_20251002,154_154120_1_20251002,4,八代産交,４：松橋駅→宮原～八代駅→八代産交
17:35,727405_17828_20251002,154_154120_1_20251002,5,八代産交,４：松橋駅→宮原～八代駅→八代産交
17:35,727402_10671_20251002,154_154120_1_20251002,2,八代産交,４：松橋駅→宮原～八代駅→八代産交
17:35,727403_13049_20251002,154_154120_1_20251002,3,八代産交,４：松橋駅→宮原～八代駅→八代産交
17:41,727404_14976_20251002,100_100130_1_20251002,4,砥用中央,宇土本町二丁目→山崎橋～堅志田→砥用中央
17:41,727403_12596_20251002,100_100130_1_20251002,3,砥用中央,宇土本町二丁目→山崎橋～堅志田→砥用中央
17:41,727405_17363_20251002,100_100130_1_20251002,5,砥用中央,宇土本町二丁目→山崎橋～堅志田→砥用中央
17:41,727402_10206_20251002,100_100130_1_20251002,2,砥用中央,宇土本町二丁目→山崎橋～堅志田→砥用中央
17:41,727401_7819_20251002,100_100130_1_20251002,1,砥用中央,宇土本町二丁目→山崎橋～堅志田→砥用中央
17:50,727301_7334_20251002,50_50120_1_20251002,1,三角産交,松橋駅→大口～三角病院→三角産交
17:50,727304_14491_20251002,50_50120_1_20251002,4,三角産交,松橋駅→大口～三角病院→三角産交
17:50,727303_12113_20251002,50_50120_1_20251002,3,三角産交,松橋駅→大口～三角病院→三角産交
17:50,727305_16880_20251002,50_50120_1_20251002,5,三角産交,松橋駅→大口～三角病院→三角産交
17:50,727302_9723_20251002,50_50120_1_20251002,2,三角産交,松橋駅→大口～三角病院→三角産交
17:50,727404_15417_20251002,154_154110_1_20251002,4,八代市役所前,５：松橋駅→鏡四つ角～大村→八代市役所
17:50,727405_17807_20251002,154_154110_1_20251002,5,八代市役所前,５：松橋駅→鏡四つ角～大村→八代市役所
17:50,727403_13028_20251002,154_154110_1_20251002,3,八代市役所前,５：松橋駅→鏡四つ角～大村→八代市役所
17:50,727402_10650_20251002,154_154110_1_20251002,2,八代市役所前,５：松橋駅→鏡四つ角～大村→八代市役所
17:50,727401_8260_20251002,154_154110_1_20251002,1,八代市役所前,５：松橋駅→鏡四つ角～大村→八代市役所
18:10,727405_17808_20251002,154_154110_1_20251002,5,八代市役所前,５：松橋駅→鏡四つ角～大村→八代市役所
18:10,727404_15418_20251002,154_154110_1_20251002,4,八代市役所前,５：松橋駅→鏡四つ角～大村→八代市役所
18:10,727403_13029_20251002,154_154110_1_20251002,3,八代市役所前,５：松橋駅→鏡四つ角～大村→八代市役所
18:10,727402_10651_20251002,154_154110_1_20251002,2,八代市役所前,５：松橋駅→鏡四つ角～大村→八代市役所
18:10,727401_8261_20251002,154_154110_1_20251002,1,八代市役所前,５：松橋駅→鏡四つ角～大村→八代市役所
18:35,727407_5576_20251002,100_100140_1_20251002,7,砥用中央,松橋駅→堅志田～佐俣の湯→砥用中央
18:55,727406_3806_20251002,100_100140_1_20251002,6,砥用中央,松橋駅→堅志田～佐俣の湯→砥用中央
19:00,1_1550_20251001,15_17022_1_20251001,8,桜町バスターミナル,M6-3：松橋駅→城南→イオン→田迎→桜町バスターミナル
19:00,11_373_20251001,15_17022_1_20251001,5,桜町バスターミナル,M6-3：松橋駅→城南→イオン→田迎→桜町バスターミナル
19:10,2_574_20251001,15_17022_1_20251001,6,桜町バスターミナル,M6-3：松橋駅→城南→イオン→田迎→桜町バスターミナル
19:10,727405_17374_20251002,100_100140_1_20251002,5,砥用中央,松橋駅→堅志田～佐俣の湯→砥用中央
19:10,727404_14987_20251002,100_100140_1_20251002,4,砥用中央,松橋駅→堅志田～佐俣の湯→砥用中央
19:10,727403_12607_20251002,100_100140_1_20251002,3,砥用中央,松橋駅→堅志田～佐俣の湯→砥用中央
19:10,727402_10217_20251002,100_100140_1_20251002,2,砥用中央,松橋駅→堅志田～佐俣の湯→砥用中央
19:10,727401_7830_20251002,100_100140_1_20251002,1,砥用中央,松橋駅→堅志田～佐俣の湯→砥用中央
19:29,727405_17364_20251002,100_100130_1_20251002,5,砥用中央,宇土本町二丁目→山崎橋～堅志田→砥用中央
19:29,727404_14977_20251002,100_100130_1_20251002,4,砥用中央,宇土本町二丁目→山崎橋～堅志田→砥用中央
19:29,727403_12597_20251002,100_100130_1_20251002,3,砥用中央,宇土本町二丁目→山崎橋～堅志田→砥用中央
19:29,727401_7820_20251002,100_100130_1_20251002,1,砥用中央,宇土本町二丁目→山崎橋～堅志田→砥用中央
19:29,727402_10207_20251002,100_100130_1_20251002,2,砥用中央,宇土本町二丁目→山崎橋～堅志田→砥用中央
